Workbook

Sheet METODOLOGIA
A1: MODELO DE PICKS NFL 2026 — METODOLOGÍA
A2: Basado en investigación de métricas predictivas (EPA/jugada, success rate, net yards/play) y evidencia de que el mercado NO se usa como insumo. Actualizado: 21-sep-2026
A4: Factor | B4: Peso | C4: Qué se mide | D4: Fuente semanal | E4: Nota
A5: 1. Eficiencia integral del equipo | B5: 0.35 | C5: EPA/jugada ofensivo y defensivo, success rate y net yards por jugada de la temporada actual (semanas 1-4 se pondera 50/50 con la temporada 2025 para evitar muestras chicas). | D5: SumerSports / nfelo EPA tiers / TeamRankings (yds por jugada) | E5: La métrica individual más predictiva según la literatura; el marcador y las rachas engañan, la eficiencia no.
A6: 2. QB y disponibilidad | B6: 0.25 | C6: Quién inicia en QB y bajas confirmadas de jugadores clave (OL titulares, CB1, WR1). Solo injury reports oficiales de miércoles a viernes y noticias verificadas. | D6: Injury report oficial NFL / ESPN injuries | E6: Un cambio de QB titular mueve un partido más que cualquier otro factor individual (3-7 pts).
A7: 3. Trincheras (OL vs DL) | B7: 0.15 | C7: Pressure rate generado por la defensa vs pressure rate permitido por la OL rival, en ambos sentidos. Pressure rate es más estable que capturas. | D7: PFF / SumerSports / stats de presión | E7: El matchup línea ofensiva vs frente defensivo decide más partidos que los receptores estelares.
A8: 4. Matchup de estilos | B8: 0.1 | C8: Fortaleza del ataque (aéreo/terrestre) contra la debilidad específica de la defensa rival; ritmo de juego y game script probable. | D8: Splits de pase/carrera, EPA por tipo de jugada | E8: Un equipo promedio con el matchup correcto vence a uno bueno con el matchup incorrecto.
A9: 5. Contexto externo | B9: 0.1 | C9: Localía (~1.8 pts, PESO MÍNIMO), diferencia de descanso (bye o +3 días), viaje largo/zonas horarias, clima extremo (viento >30 km/h, nieve), altitud (DEN). | D9: Calendario, pronóstico del clima del estadio | E9: La localía moderna vale menos de 2 pts; solo desempata partidos parejos. El descanso casi no pesa salvo bye vs jueves.
A10: 6. Filtro anti-ruido (ajuste final) | B10: 0.05 | C10: Detectar equipos inflados o castigados por suerte de balones sueltos/intercepciones y marcadores engañosos. El margen de turnovers REGRESA a la media: no perseguir rachas. | D10: Diferencial de turnovers vs eficiencia real | E10: Veto: si un pick depende de que se repita la suerte de turnovers de la semana pasada, se baja la confianza.
A11: TOTAL | B11: =SUM(B5:B10) -> 1
A13: ESCALA DE CONFIANZA (calibrada)
A14: Confianza | B14: Prob. implícita | C14: Significado | D14: Acierto esperado a largo plazo
A15: 9-10 | B15: 80%+ | C15: Diferencia clara en eficiencia + QB + trincheras; sin señales de ruido | D15: 8 de cada 10
A16: 7-8 | B16: 65-79% | C16: Ventaja sólida en 2 de los 3 factores principales | D16: 7 de cada 10
A17: 5-6 | B17: 55-64% | C17: Partido parejo; se defiende un lado con argumentos objetivos y se dice que es cerrado | D17: 6 de cada 10
A18: 1-4 | B18: <55% | C18: NO SE USA: si el modelo no da al menos 55%, el partido se declara volado y se explica por qué | D18: —
A20: REGLAS FIJAS
A21: 1. NO se usan líneas de casas de apuestas como insumo. El pick sale de datos: eficiencia, lesiones oficiales, trincheras y contexto.
A22: 2. El resultado de la semana anterior NO es señal: en el backtest S1-S2, los ganadores de la semana 1 fueron 8-7 en la semana 2 (volado).
A23: 3. Los picks se registran ANTES de los partidos en la hoja PICKS y nunca se editan después.
A24: 4. Cada lunes se llena la columna Ganador real y se revisa la hoja CALIBRACION: si la confianza 8+ acierta menos del 70%, el modelo se recalibra.
A25: 5. Lesiones: solo fuentes oficiales (injury report NFL, anuncios de equipos). Rumores no cuentan.

Sheet PICKS
A1: REGISTRO DE PICKS — se llena ANTES de cada jornada; Ganador real se llena el lunes
A2: Semana | B2: Visitante | C2: Local | D2: Pick | E2: Confianza (1-10) | F2: Marcador (V-L) | G2: Ganador real | H2: Acierto | I2: Notas / factores decisivos
A3: 1 | B3: New England | C3: Seattle | F3: 10-13 | G3: Seattle | H3: =IF(OR(D3="",G3=""),"",IF(D3=G3,1,0)) | I3: Referencia pre-modelo (sin pick)
A4: 1 | B4: LA Rams | C4: San Francisco | F4: 7-27 | G4: San Francisco | H4: =IF(OR(D4="",G4=""),"",IF(D4=G4,1,0)) | I4: Referencia pre-modelo (sin pick)
A5: 1 | B5: Tennessee | C5: NY Jets | F5: 10-23 | G5: NY Jets | H5: =IF(OR(D5="",G5=""),"",IF(D5=G5,1,0)) | I5: Referencia pre-modelo (sin pick)
A6: 1 | B6: Houston | C6: Buffalo | F6: 31-36 | G6: Buffalo | H6: =IF(OR(D6="",G6=""),"",IF(D6=G6,1,0)) | I6: Referencia pre-modelo (sin pick)
A7: 1 | B7: Carolina | C7: Chicago | F7: 37-59 | G7: Chicago | H7: =IF(OR(D7="",G7=""),"",IF(D7=G7,1,0)) | I7: Referencia pre-modelo (sin pick)
A8: 1 | B8: Cleveland | C8: Jacksonville | F8: 10-34 | G8: Jacksonville | H8: =IF(OR(D8="",G8=""),"",IF(D8=G8,1,0)) | I8: Referencia pre-modelo (sin pick)
A9: 1 | B9: Atlanta | C9: Pittsburgh | F9: 13-20 | G9: Pittsburgh | H9: =IF(OR(D9="",G9=""),"",IF(D9=G9,1,0)) | I9: Referencia pre-modelo (sin pick)
A10: 1 | B10: Indianapolis | C10: Baltimore | F10: 23-41 | G10: Baltimore | H10: =IF(OR(D10="",G10=""),"",IF(D10=G10,1,0)) | I10: Referencia pre-modelo (sin pick)
A11: 1 | B11: Tampa Bay | C11: Cincinnati | F11: 27-33 | G11: Cincinnati | H11: =IF(OR(D11="",G11=""),"",IF(D11=G11,1,0)) | I11: Referencia pre-modelo (sin pick)
A12: 1 | B12: New Orleans | C12: Detroit | F12: 30-31 (OT) | G12: Detroit | H12: =IF(OR(D12="",G12=""),"",IF(D12=G12,1,0)) | I12: Referencia pre-modelo (sin pick)
A13: 1 | B13: Miami | C13: Las Vegas | F13: 13-27 | G13: Las Vegas | H13: =IF(OR(D13="",G13=""),"",IF(D13=G13,1,0)) | I13: Referencia pre-modelo (sin pick)
A14: 1 | B14: LA Chargers | C14: Arizona | F14: 14-26 | G14: Arizona | H14: =IF(OR(D14="",G14=""),"",IF(D14=G14,1,0)) | I14: Referencia pre-modelo (sin pick)
... A33: 2 | B33: Indianapolis | C33: Kansas City | F33: 30-33 (OT) | G33: Kansas City | H33: =IF(OR(D33="",G33=""),"",IF(D33=G33,1,0)) | I33: Referencia pre-modelo (sin pick)
A34: 2 | B34: NY Giants | C34: LA Rams | D34: LA Rams | E34: 5 | F34: 6-28 | G34: LA Rams | H34: =IF(OR(D34="",G34=""),"",IF(D34=G34,1,0)) -> 1 | I34: ACIERTO del modelo (conf 5). Dart (rodilla, Q1, prob. fin de temporada) y Nabers (hombro dislocado) se lesionaron; Stafford 327 yds 4 TD, Adams 195 yds 2 TD vs secundaria NYG sin Adebo.
A35: 3 | B35: Atlanta | C35: Green Bay | D35: Green Bay | E35: 6 | H35: =IF(OR(D35="",G35=""),"",IF(D35=G35,1,0)) | I35: GB en casa; ATL 0-2 pero regresa Penix (jugaron suplentes). OL de GB diezmada, sin Jones ni Watson: mas cerrado de lo que parece
A36: 3 | B36: Houston | C36: Indianapolis | D36: Indianapolis | E36: 5 | H36: =IF(OR(D36="",G36=""),"",IF(D36=G36,1,0)) | I36: Volado: ambos 0-2. IND compitio mas (30-33 OT vs KC); HOU sin Tunsil (LT) ni Stingley (CB1). Casa desempata
A37: 3 | B37: Kansas City | C37: Miami | D37: Kansas City | E37: 9 | H37: =IF(OR(D37="",G37=""),"",IF(D37=G37,1,0)) | I37: KC 2-0; MIA PD -36, 13 pts por juego, sin Waddle. Diferencia clara en los 3 factores principales
A38: 3 | B38: LA Chargers | C38: Buffalo | D38: Buffalo | E38: 8 | H38: =IF(OR(D38="",G38=""),"",IF(D38=G38,1,0)) | I38: BUF ofensiva elite (36 y 41 pts); LAC anoto 14 y 14 sin Ekeler
A39: 3 | B39: Tennessee | C39: NY Giants | D39: NY Giants | E39: 5 | H39: =IF(OR(D39="",G39=""),"",IF(D39=G39,1,0)) | I39: Volado feo: NYG sin Dart (Winston) y Nabers tocado; TEN ofensiva anemica. Casa + defensa desempatan
A40: 3 | B40: Cincinnati | C40: Pittsburgh | D40: Cincinnati | E40: 6 | H40: =IF(OR(D40="",G40=""),"",IF(D40=G40,1,0)) | I40: CIN 2-0; PIT anoto 3 vs NE. RIESGO: Burrow game-time (pantorrilla); si no juega baja a 5 con Browning
A41: 3 | B41: Seattle | C41: Washington | D41: Seattle | E41: 8 | H41: =IF(OR(D41="",G41=""),"",IF(D41=G41,1,0)) | I41: SEA 2-0 con defensa dominante (31-7 a ARI); WAS pierde a Daniels (codo dislocado), debuta Mariota
A42: 3 | B42: New England | C42: Jacksonville | D42: Jacksonville | E42: 6 | H42: =IF(OR(D42="",G42=""),"",IF(D42=G42,1,0)) | I42: JAX en casa fue 34-10; NE defensa fuerte (3 pts a PIT) pero ofensiva corta de visita
A43: 3 | B43: Carolina | C43: Cleveland | D43: Cleveland | E43: 5 | H43: =IF(OR(D43="",G43=""),"",IF(D43=G43,1,0)) | I43: CAR sin Young (Dalton); CLE en casa. Ambos erraticos: el 34-3 de CAR huele a ruido
A44: 3 | B44: NY Jets | C44: Detroit | D44: Detroit | E44: 7 | H44: =IF(OR(D44="",G44=""),"",IF(D44=G44,1,0)) | I44: DET ofensiva top (31 y 31 pts); NYJ sin su QB titular. Casa y trincheras DET
A45: 3 | B45: Arizona | C45: San Francisco | D45: San Francisco | E45: 8 | H45: =IF(OR(D45="",G45=""),"",IF(D45=G45,1,0)) | I45: SF 2-0 dominante (PD +42); ARI venia de 7-31 en Seattle
A46: 3 | B46: Minnesota | C46: Tampa Bay | D46: Minnesota | E46: 7 | H46: =IF(OR(D46="",G46=""),"",IF(D46=G46,1,0)) | I46: MIN 2-0 con defensa elite (9-3 a CHI) y regresa Murray; TB 0-2. Visitante pero la ventaja defensiva es real
... A50: 3 | B50: Philadelphia | C50: Chicago | D50: Philadelphia | E50: 7 | H50: =IF(OR(D50="",G50=""),"",IF(D50=G50,1,0)) | I50: PHI 2-0; CHI sin Caleb Williams (Bagent, que ademas entro a protocolo). QB out = factor maximo
A52: Leyenda: se editan Pick, Confianza, Marcador y Ganador real. Acierto se calcula solo. Picks S3 registrados ANTES de la jornada (24-sep-2026, pre-TNF).

Sheet CALIBRACION
A1: CALIBRACIÓN DEL MODELO — se alimenta sola desde la hoja PICKS
A3: Nivel de confianza | B3: Picks hechos | C3: Aciertos | D3: % acierto | E3: Objetivo
A4: 10 | B4: =COUNTIFS(PICKS!$E$3:$E$500,10,PICKS!$H$3:$H$500,1)+COUNTIFS(PICKS!$E$3:$E$500,10,PICKS!$H$3:$H$500,0) -> 0 | C4: =COUNTIFS(PICKS!$E$3:$E$500,10,PICKS!$H$3:$H$500,1) -> 0 | D4: =IF(B4=0,"",C4/B4) | E4: 85%
A5: 9 | B5: =COUNTIFS(PICKS!$E$3:$E$500,9,PICKS!$H$3:$H$500,1)+COUNTIFS(PICKS!$E$3:$E$500,9,PICKS!$H$3:$H$500,0) -> 0 | C5: =COUNTIFS(PICKS!$E$3:$E$500,9,PICKS!$H$3:$H$500,1) -> 0 | D5: =IF(B5=0,"",C5/B5) | E5: 80%
A6: 8 | B6: =COUNTIFS(PICKS!$E$3:$E$500,8,PICKS!$H$3:$H$500,1)+COUNTIFS(PICKS!$E$3:$E$500,8,PICKS!$H$3:$H$500,0) -> 0 | C6: =COUNTIFS(PICKS!$E$3:$E$500,8,PICKS!$H$3:$H$500,1) -> 0 | D6: =IF(B6=0,"",C6/B6) | E6: 75%
A7: 7 | B7: =COUNTIFS(PICKS!$E$3:$E$500,7,PICKS!$H$3:$H$500,1)+COUNTIFS(PICKS!$E$3:$E$500,7,PICKS!$H$3:$H$500,0) -> 0 | C7: =COUNTIFS(PICKS!$E$3:$E$500,7,PICKS!$H$3:$H$500,1) -> 0 | D7: =IF(B7=0,"",C7/B7) | E7: 70%
A8: 6 | B8: =COUNTIFS(PICKS!$E$3:$E$500,6,PICKS!$H$3:$H$500,1)+COUNTIFS(PICKS!$E$3:$E$500,6,PICKS!$H$3:$H$500,0) -> 0 | C8: =COUNTIFS(PICKS!$E$3:$E$500,6,PICKS!$H$3:$H$500,1) -> 0 | D8: =IF(B8=0,"",C8/B8) | E8: 60%
A9: 5 | B9: =COUNTIFS(PICKS!$E$3:$E$500,5,PICKS!$H$3:$H$500,1)+COUNTIFS(PICKS!$E$3:$E$500,5,PICKS!$H$3:$H$500,0) -> 1 | C9: =COUNTIFS(PICKS!$E$3:$E$500,5,PICKS!$H$3:$H$500,1) -> 1 | D9: =IF(B9=0,"",C9/B9) -> 1 | E9: 55%
A10: TOTAL | B10: =COUNTIFS(PICKS!$H$3:$H$500,1)+COUNTIFS(PICKS!$H$3:$H$500,0) -> 1 | C10: =COUNTIFS(PICKS!$H$3:$H$500,1) -> 1 | D10: =IF(B10=0,"",C10/B10) -> 1 | E10: ≥68%
A13: % acierto por semana
A14: Semana | B14: Picks | C14: Aciertos | D14: % acierto
A15: 3 | B15: =COUNTIFS(PICKS!$A$3:$A$500,3,PICKS!$H$3:$H$500,1)+COUNTIFS(PICKS!$A$3:$A$500,3,PICKS!$H$3:$H$500,0) -> 0 | C15: =COUNTIFS(PICKS!$A$3:$A$500,3,PICKS!$H$3:$H$500,1) -> 0 | D15: =IF(B15=0,"",C15/B15)
A16: 4 | B16: =COUNTIFS(PICKS!$A$3:$A$500,4,PICKS!$H$3:$H$500,1)+COUNTIFS(PICKS!$A$3:$A$500,4,PICKS!$H$3:$H$500,0) -> 0 | C16: =COUNTIFS(PICKS!$A$3:$A$500,4,PICKS!$H$3:$H$500,1) -> 0 | D16: =IF(B16=0,"",C16/B16)
A17: 5 | B17: =COUNTIFS(PICKS!$A$3:$A$500,5,PICKS!$H$3:$H$500,1)+COUNTIFS(PICKS!$A$3:$A$500,5,PICKS!$H$3:$H$500,0) -> 0 | C17: =COUNTIFS(PICKS!$A$3:$A$500,5,PICKS!$H$3:$H$500,1) -> 0 | D17: =IF(B17=0,"",C17/B17)
A18: 6 | B18: =COUNTIFS(PICKS!$A$3:$A$500,6,PICKS!$H$3:$H$500,1)+COUNTIFS(PICKS!$A$3:$A$500,6,PICKS!$H$3:$H$500,0) -> 0 | C18: =COUNTIFS(PICKS!$A$3:$A$500,6,PICKS!$H$3:$H$500,1) -> 0 | D18: =IF(B18=0,"",C18/B18)
A19: 7 | B19: =COUNTIFS(PICKS!$A$3:$A$500,7,PICKS!$H$3:$H$500,1)+COUNTIFS(PICKS!$A$3:$A$500,7,PICKS!$H$3:$H$500,0) -> 0 | C19: =COUNTIFS(PICKS!$A$3:$A$500,7,PICKS!$H$3:$H$500,1) -> 0 | D19: =IF(B19=0,"",C19/B19)
A20: 8 | B20: =COUNTIFS(PICKS!$A$3:$A$500,8,PICKS!$H$3:$H$500,1)+COUNTIFS(PICKS!$A$3:$A$500,8,PICKS!$H$3:$H$500,0) -> 0 | C20: =COUNTIFS(PICKS!$A$3:$A$500,8,PICKS!$H$3:$H$500,1) -> 0 | D20: =IF(B20=0,"",C20/B20)
A21: 9 | B21: =COUNTIFS(PICKS!$A$3:$A$500,9,PICKS!$H$3:$H$500,1)+COUNTIFS(PICKS!$A$3:$A$500,9,PICKS!$H$3:$H$500,0) -> 0 | C21: =COUNTIFS(PICKS!$A$3:$A$500,9,PICKS!$H$3:$H$500,1) -> 0 | D21: =IF(B21=0,"",C21/B21)
A22: 10 | B22: =COUNTIFS(PICKS!$A$3:$A$500,10,PICKS!$H$3:$H$500,1)+COUNTIFS(PICKS!$A$3:$A$500,10,PICKS!$H$3:$H$500,0) -> 0 | C22: =COUNTIFS(PICKS!$A$3:$A$500,10,PICKS!$H$3:$H$500,1) -> 0 | D22: =IF(B22=0,"",C22/B22)
A23: 11 | B23: =COUNTIFS(PICKS!$A$3:$A$500,11,PICKS!$H$3:$H$500,1)+COUNTIFS(PICKS!$A$3:$A$500,11,PICKS!$H$3:$H$500,0) -> 0 | C23: =COUNTIFS(PICKS!$A$3:$A$500,11,PICKS!$H$3:$H$500,1) -> 0 | D23: =IF(B23=0,"",C23/B23)
A24: 12 | B24: =COUNTIFS(PICKS!$A$3:$A$500,12,PICKS!$H$3:$H$500,1)+COUNTIFS(PICKS!$A$3:$A$500,12,PICKS!$H$3:$H$500,0) -> 0 | C24: =COUNTIFS(PICKS!$A$3:$A$500,12,PICKS!$H$3:$H$500,1) -> 0 | D24: =IF(B24=0,"",C24/B24)
A25: 13 | B25: =COUNTIFS(PICKS!$A$3:$A$500,13,PICKS!$H$3:$H$500,1)+COUNTIFS(PICKS!$A$3:$A$500,13,PICKS!$H$3:$H$500,0) -> 0 | C25: =COUNTIFS(PICKS!$A$3:$A$500,13,PICKS!$H$3:$H$500,1) -> 0 | D25: =IF(B25=0,"",C25/B25)
A26: 14 | B26: =COUNTIFS(PICKS!$A$3:$A$500,14,PICKS!$H$3:$H$500,1)+COUNTIFS(PICKS!$A$3:$A$500,14,PICKS!$H$3:$H$500,0) -> 0 | C26: =COUNTIFS(PICKS!$A$3:$A$500,14,PICKS!$H$3:$H$500,1) -> 0 | D26: =IF(B26=0,"",C26/B26)
A27: 15 | B27: =COUNTIFS(PICKS!$A$3:$A$500,15,PICKS!$H$3:$H$500,1)+COUNTIFS(PICKS!$A$3:$A$500,15,PICKS!$H$3:$H$500,0) -> 0 | C27: =COUNTIFS(PICKS!$A$3:$A$500,15,PICKS!$H$3:$H$500,1) -> 0 | D27: =IF(B27=0,"",C27/B27)
A28: 16 | B28: =COUNTIFS(PICKS!$A$3:$A$500,16,PICKS!$H$3:$H$500,1)+COUNTIFS(PICKS!$A$3:$A$500,16,PICKS!$H$3:$H$500,0) -> 0 | C28: =COUNTIFS(PICKS!$A$3:$A$500,16,PICKS!$H$3:$H$500,1) -> 0 | D28: =IF(B28=0,"",C28/B28)
A29: 17 | B29: =COUNTIFS(PICKS!$A$3:$A$500,17,PICKS!$H$3:$H$500,1)+COUNTIFS(PICKS!$A$3:$A$500,17,PICKS!$H$3:$H$500,0) -> 0 | C29: =COUNTIFS(PICKS!$A$3:$A$500,17,PICKS!$H$3:$H$500,1) -> 0 | D29: =IF(B29=0,"",C29/B29)
A30: 18 | B30: =COUNTIFS(PICKS!$A$3:$A$500,18,PICKS!$H$3:$H$500,1)+COUNTIFS(PICKS!$A$3:$A$500,18,PICKS!$H$3:$H$500,0) -> 0 | C30: =COUNTIFS(PICKS!$A$3:$A$500,18,PICKS!$H$3:$H$500,1) -> 0 | D30: =IF(B30=0,"",C30/B30)
A32: Regla de recalibración: si tras 4+ semanas la confianza 8-10 acierta <70%, o la 5-6 acierta >75% (demasiado conservador), se ajustan los pesos de la METODOLOGIA.

Sheet BACKTEST S1-S2
A1: BACKTEST SEMANAS 1-2 (31 partidos jugados; NYG-LAR pendiente del lunes 21-sep)
A3: Hallazgo | B3: Dato | C3: Implicación para el modelo
A4: El local está ganando de forma anómala | B4: 27 de 31 partidos los ganó el local (87%). En semana 1 fue 16 de 16. El promedio histórico es ~55% y la localía moderna vale ~1.8 pts. | C4: Muestra chica: NO subir el peso de localía (se queda en 10% del contexto). Esperar regresión, pero en partidos parejos el desempate va al local mientras dure la tendencia.
A5: Ganar la semana anterior no predice nada | B5: Los 16 ganadores de la semana 1 quedaron 8-7 en la semana 2 (NYG pendiente): un volado. | C5: Confirma la regla anti-recencia: el resultado de la semana previa NO es factor. Solo cuenta la eficiencia por jugada.
A6: Los triunfos aplastantes engañan | B6: BAL (+18), CHI (+22) y JAX (+24) ganaron por paliza en S1... y los tres PERDIERON en S2. | C6: Marcador inflado ≠ equipo dominante: suele venir de turnovers y jugadas grandes que regresan a la media. El filtro anti-ruido baja confianza a equipos con victoria inflada reciente.
A7: Sorpresas grandes de la semana 2 | B7: NE 20-3 a PIT, CAR 34-3 a ATL, NO 24-17 a BAL, CLE 23-19 a TB: 4 'sorpresas' claras y todas fueron del equipo LOCAL. | C7: Las sorpresas están viniendo en casa. Un local 'malo' con matchup favorable en trincheras merece análisis serio, no descarte automático.
A8: Equipos 2-0 | B8: BUF, MIN, PHI, CIN, SEA, SF, LV, KC | C8: Solo cuenta CÓMO llegaron al 2-0 (eficiencia), no el récord: LV y SEA ganaron con defensa dominante; BUF y KC sobrevivieron partidos cerrados.
A9: Equipos 0-2 | B9: ATL, WAS, MIA, LAC, TEN, HOU, IND, TB | C9: MIA y ATL muestran diferenciales de eficiencia muy negativos (-36 y -38 pts acumulados): evitarlos de visita salvo matchup extremo.
A11: Fuente de resultados: footballdb.com / NFL.com (verificado 21-sep-2026). El % de locales se recalcula solo abajo.
A13: Locales ganando (auto, desde PICKS): | B13: =COUNTIFS(PICKS!$G$3:$G$34,"<>")-SUMPRODUCT(--(PICKS!$B$3:$B$34=PICKS!$G$3:$G$34)) -> 28 | C13: =B13/COUNTIFS(PICKS!$G$3:$G$34,"<>") -> 0.875
A16: LECCIONES DEL PRIMER PICK EN VIVO (NYG@LAR, 28-6 LAR)
A17: Un parlay concentrado muere por UN evento | B17: Las 4 patas dependían de la salud de la ofensiva de NYG. Dart (rodilla) y Nabers (hombro) en el Q1 mataron el boleto completo: +10.5 (perdió por 22), over 39.5 (34 pts), Nabers 52+ (1 yd), Skattebo 44+ (36 yds). | C17: Regla nueva: máximo 2 patas que dependan del mismo equipo/lado. Diversificar guiones o aceptar que es boleto de un solo evento.
A18: Baja de WR1 ≠ baja de QB | B18: Resté demasiado a LAR por Puka fuera: el volumen se redistribuyó a Adams (8-195-2). En cambio la baja del QB (Dart) sí colapsó a NYG (6 pts, Winston 131 yds). | C18: Confirmada la asimetría del modelo: QB pesa 3-7 pts; un WR élite con QB sano se compensa. No sobre-castigar ofensivas élite de pase por una baja de receptor.
A19: El ángulo que sí vimos y no pesamos | B19: Stafford vs secundaria de NYG sin Adebo era la ventaja más clara del partido y la subponderé al bajar la confianza de LAR a 5. | C19: Cuando la mayor fortaleza de un equipo ataca la baja más grave del rival, subir medio punto-1 punto de confianza.
A20: El pick de quiniela acertó | B20: LAR ganador con confianza 5: correcto (1/1 del modelo). El margen fue mayor al esperado por la lesión de Dart, no por error de lectura. | C20: La escala de confianza se comporta: un 5 era 'parejo con lean a LAR' y así lucía hasta la lesión.
